{
  "version": "1.0",
  "defaultProvider": "cdnjs",
  "libraries": [
    {
      "provider": "jsdelivr",
      "library": "jquery@3.4.1",
      "destination": "wwwroot/lib/jquery/",
      "files": [
        "dist/jquery.min.js",
        "dist/jquery.min.map",
        "LICENSE.txt"
      ]
    },
    {
      "provider": "jsdelivr",
      "library": "powerbi-client@2.14.1",
      "destination": "wwwroot/lib/powerbi-client/",
      "files": [
        "dist/powerbi.min.js",
        "LICENSE.txt"
      ]
    },
    {
      "library": "font-awesome@4.7.0",
      "destination": "wwwroot/lib/font-awesome/"
    },
    {
      "provider": "jsdelivr",
      "library": "bootstrap@4.6.0",
      "destination": "wwwroot/lib/bootstrap/",
      "files": [
        "dist/css/bootstrap.css",
        "dist/css/bootstrap.css.map",
        "dist/css/bootstrap.min.css",
        "dist/css/bootstrap.min.css.map",
        "dist/js/bootstrap.bundle.js",
        "dist/js/bootstrap.bundle.js.map",
        "dist/js/bootstrap.bundle.min.js",
        "dist/js/bootstrap.bundle.min.js.map"
      ]
    }
  ]
}